"0","rnorm(n = 20, mean = 0, sd = 1)"
"1"," [1]"
"1"," -0.65250472"
"1","  1.62569426"
"1"," -0.70736745"
"1","  0.60755295"
"1"," -0.40199957"
"1","  0.53074478"
"1"," -0.47692482"
"1"," -1.32672570"
"1"," -0.14201140"
"1","
"
"1","[10]"
"1"," -0.41728641"
"1","  1.22921423"
"1","  0.49079583"
"1"," -0.09225784"
"1"," -0.16658667"
"1","  0.74567657"
"1"," -0.51824485"
"1","  1.04777185"
"1"," -0.31764129"
"1","
"
"1","[19]"
"1","  0.24773986"
"1"," -1.61468403"
"1","
"
